path,frozen_commit,git_blob_sha,canonical_byte_length,canonical_sha256,current_lovable_sha256,remediation_required,reason,generated_file_exception
.env,7684ea9f02a1a1e1a25f29845ebf831d63163a31,6c7707844802b4f95f7265b0bcd229f221699025,685,8df559ffd28a76815971b2f414bdcdf7f3b35dc3eb836414d420d198a6b8d2e4,8580c67766cc9542e4598794f7d7c9dfbe70bf147eaea9650b61ff9acba6383a,yes,"CRLF line-ending conversion introduced upstream during SB-P-1.11-LOV-SYNC-2 Phase 2/3 artifact preparation (core.autocrlf=true, no .gitattributes override); content values unchanged, only line-ending bytes differ.",no
.env.test,7684ea9f02a1a1e1a25f29845ebf831d63163a31,aa358b83c2acdbc987a1c25eac090ae684dbe22b,850,c272bd2404df690e6d007c6382dfe1501a19a7f8a3bc16f9a4af044c9f12f72e,9cee7927b43f8531ff156f6d5517601b822f21714a3201a2eb97bc250a7b3de9,yes,"CRLF line-ending conversion introduced upstream during SB-P-1.11-LOV-SYNC-2 Phase 2/3 artifact preparation (core.autocrlf=true, no .gitattributes override); content values unchanged, only line-ending bytes differ.",no
.env.test.local.example,7684ea9f02a1a1e1a25f29845ebf831d63163a31,4d26734b250a54fcb186f35d7c65916e9effa5fa,779,9c6a7f5e4cc62cf263821d40774038d4c306508c793b8939bcd2ffa8b25f90ae,a57f81c29d0d3e3516f96dc2cc13341e937d4d9cfcf6d28fa35fdfea2142506e,yes,"CRLF line-ending conversion introduced upstream during SB-P-1.11-LOV-SYNC-2 Phase 2/3 artifact preparation (core.autocrlf=true, no .gitattributes override); content values unchanged, only line-ending bytes differ.",no
bun.lock,7684ea9f02a1a1e1a25f29845ebf831d63163a31,b3524efe723a9bda5ed5972e2e7819dd2c6b0b4a,184860,f56d64ea53e969e671bbc46e62a6028eeea54bfe3c854f8b11376974a3af50ea,ed95efaac45968666eed812b588d64fd7c5c2a23b5d2dd14b3396b8a43764ae7,yes,"CRLF line-ending conversion introduced upstream during SB-P-1.11-LOV-SYNC-2 Phase 2/3 artifact preparation (core.autocrlf=true, no .gitattributes override); content values unchanged, only line-ending bytes differ.",no
bunfig.toml,7684ea9f02a1a1e1a25f29845ebf831d63163a31,404c27d65cbde9ae5f365d179ed0e16a0473f8c5,386,2606e248dd6fc7c17f87a50f5e2c55120560ca858cd0007c0419704296f25f5a,239560b0153b165e0af29cb37aac6ee093b2868c5241a501d8edce610d733970,yes,"CRLF line-ending conversion introduced upstream during SB-P-1.11-LOV-SYNC-2 Phase 2/3 artifact preparation (core.autocrlf=true, no .gitattributes override); content values unchanged, only line-ending bytes differ.",no
components.json,7684ea9f02a1a1e1a25f29845ebf831d63163a31,f0817a84e832a693e7a79a911efe0b081bd97e06,443,37c484818824d2521eee3367e7aa2c2abbd19635d8103d19734b6e24603d0292,4587d143275ee744003e8f9814dcc735c7fb8c56ea198db773fe2c27fdfcb53d,yes,"CRLF line-ending conversion introduced upstream during SB-P-1.11-LOV-SYNC-2 Phase 2/3 artifact preparation (core.autocrlf=true, no .gitattributes override); content values unchanged, only line-ending bytes differ.",no
eslint.config.js,7684ea9f02a1a1e1a25f29845ebf831d63163a31,be4075bd5e14ae3e6420613f789c3fc8bbeda819,1250,3266245a1ff610a0b37dbb8b8c77b93a125e0d8758b9838cfd04b2e0a1397d56,8dc219908ac50e457ad084979ce5396fe288343a856f6b6be9f56d175baf4825,yes,"CRLF line-ending conversion introduced upstream during SB-P-1.11-LOV-SYNC-2 Phase 2/3 artifact preparation (core.autocrlf=true, no .gitattributes override); content values unchanged, only line-ending bytes differ.",no
package.json,7684ea9f02a1a1e1a25f29845ebf831d63163a31,942cc1f8117257a5dee55e36dbb0cfbdd625e7dd,3145,c2d2e60aa8db2335d9c725dfb118d6d96b9205113cc73d4c97aff84bd313ae3d,c4d5cb258ba9e1db34f12a5fc548c425c87966046e013ffa801d4a46b72f61ec,yes,"CRLF line-ending conversion introduced upstream during SB-P-1.11-LOV-SYNC-2 Phase 2/3 artifact preparation (core.autocrlf=true, no .gitattributes override); content values unchanged, only line-ending bytes differ.",no
public/favicon.ico,7684ea9f02a1a1e1a25f29845ebf831d63163a31,3c01d69713f9c184e92b74f5799e6dff2f500825,20373,dd821076a9b03adc2173c93956226aea3d92482d7578fc4339c5d3a2e9c24586,dd821076a9b03adc2173c93956226aea3d92482d7578fc4339c5d3a2e9c24586,no,Already canonical-equivalent (unaffected by the CRLF conversion defect: binary file or single-line file with no embedded newline).,no
src/components/authed-header.tsx,7684ea9f02a1a1e1a25f29845ebf831d63163a31,47e4222b0be467cdff7e1c0bdff19aa771049116,5468,984b19b1f831745fe29b0f1004f7a71a879563bd6a400ff47a8daf700d57af1d,7c9736ae123866e51dc80ffd790992db1941f027c47d1fd2d4a5a46dd35b00ea,yes,"CRLF line-ending conversion introduced upstream during SB-P-1.11-LOV-SYNC-2 Phase 2/3 artifact preparation (core.autocrlf=true, no .gitattributes override); content values unchanged, only line-ending bytes differ.",no
src/components/page-primitives.tsx,7684ea9f02a1a1e1a25f29845ebf831d63163a31,e5637daa698d6a87ae37d25ab0cf6cbfa986fb5f,1327,9fe2fa5261ba63c81f833f3dd32411469e75025f962ae23cb297c5d520410e03,4742386154a7c28a8208fabeea236d89686df3d96741420245cfe1a1412054e8,yes,"CRLF line-ending conversion introduced upstream during SB-P-1.11-LOV-SYNC-2 Phase 2/3 artifact preparation (core.autocrlf=true, no .gitattributes override); content values unchanged, only line-ending bytes differ.",no
src/components/site-layout.tsx,7684ea9f02a1a1e1a25f29845ebf831d63163a31,88541a11119bd9d8032c33b26faf27ee91ee1a09,8177,d2d5000ab23b7f43d291520314a6345819d83d3bdef373333345dbd03b2b5ee7,8f2f5906cfb5b8856ba178991f11a04f78f20d55ceba93485df627555c2a9712,yes,"CRLF line-ending conversion introduced upstream during SB-P-1.11-LOV-SYNC-2 Phase 2/3 artifact preparation (core.autocrlf=true, no .gitattributes override); content values unchanged, only line-ending bytes differ.",no
src/components/ui/accordion.tsx,7684ea9f02a1a1e1a25f29845ebf831d63163a31,16ee9004561ab0de3cc53789d5265cba511c8570,2015,0903efcd7b746eef0a10c954a541b0dfa7aa1172f3c380a1a88f4e19a317fda3,0de02bb71ec1739e64a2fc2af0848458f204490719bad8e51c3fbe2bcb31d3a8,yes,"CRLF line-ending conversion introduced upstream during SB-P-1.11-LOV-SYNC-2 Phase 2/3 artifact preparation (core.autocrlf=true, no .gitattributes override); content values unchanged, only line-ending bytes differ.",no
src/components/ui/alert-dialog.tsx,7684ea9f02a1a1e1a25f29845ebf831d63163a31,072a66562e9d94e33ccaf32d27c8efe3a52e7c32,4183,ee4d7f3341a1e5592787b7dac8e924bd226189492819f6704d8a7faf8fe64d20,7b92eace677b37b106e83baeebc3be6ef396ed7ebce0b20967990ddb83271549,yes,"CRLF line-ending conversion introduced upstream during SB-P-1.11-LOV-SYNC-2 Phase 2/3 artifact preparation (core.autocrlf=true, no .gitattributes override); content values unchanged, only line-ending bytes differ.",no
src/components/ui/alert.tsx,7684ea9f02a1a1e1a25f29845ebf831d63163a31,cd0a0627702e492c3f02607dbc77025999c5ed13,1589,e7f4c2e6f78c59270905b4152b7d3ef4d5c6b9e3b2d370daa7b301aa7cbd27b3,aef6ee0b3672f312e6906461273d8135f11f0f56e2f9b115d92262b7946dd6f9,yes,"CRLF line-ending conversion introduced upstream during SB-P-1.11-LOV-SYNC-2 Phase 2/3 artifact preparation (core.autocrlf=true, no .gitattributes override); content values unchanged, only line-ending bytes differ.",no
src/components/ui/aspect-ratio.tsx,7684ea9f02a1a1e1a25f29845ebf831d63163a31,c9e6f4bf9e1c01d6d7022b53e68438e61746c86c,143,d72c73d629e37995a0a71647d851d68d6fdcd7ec120797f36ab83a8ee89f2cab,67c60b91df6dc9fc729390742b04c02d40c19f51f7a2d4f79110911a061266bb,yes,"CRLF line-ending conversion introduced upstream during SB-P-1.11-LOV-SYNC-2 Phase 2/3 artifact preparation (core.autocrlf=true, no .gitattributes override); content values unchanged, only line-ending bytes differ.",no
src/components/ui/avatar.tsx,7684ea9f02a1a1e1a25f29845ebf831d63163a31,7904926b9d89e90f6e9a3a9dad2abeed5af99c2e,1413,0326c9041c5a0b1ba31ff29822c51950b6aeac485cd0985e7df714741a54e7f4,a2077be3cb2702c55b3ff024e28a2d19e426bb5827e366d03a6bf756dbf8221c,yes,"CRLF line-ending conversion introduced upstream during SB-P-1.11-LOV-SYNC-2 Phase 2/3 artifact preparation (core.autocrlf=true, no .gitattributes override); content values unchanged, only line-ending bytes differ.",no
src/components/ui/badge.tsx,7684ea9f02a1a1e1a25f29845ebf831d63163a31,3aabd17e73034f71efdd2f301f8a81ab8cdae23c,1123,6519775252fe729f21c60b92c7c9feefd1fe7d0a8c2cf16d6f1c2fa7e153fe75,c57030b62760166ab4c3a36a220a45c7699d375f10671dbd54d8156fec04fd1c,yes,"CRLF line-ending conversion introduced upstream during SB-P-1.11-LOV-SYNC-2 Phase 2/3 artifact preparation (core.autocrlf=true, no .gitattributes override); content values unchanged, only line-ending bytes differ.",no
src/components/ui/breadcrumb.tsx,7684ea9f02a1a1e1a25f29845ebf831d63163a31,94eb6291a6f26846562a63438b3c49595e9bff25,2749,d5224e87344b3ac0f8b002e5dda6a71ff8fee296db8a5fbe6b034d06bd5c2ae1,d70a97e46e4d0846be2d22b546632e55ab3335a3c82804c0160b45a7abdc760d,yes,"CRLF line-ending conversion introduced upstream during SB-P-1.11-LOV-SYNC-2 Phase 2/3 artifact preparation (core.autocrlf=true, no .gitattributes override); content values unchanged, only line-ending bytes differ.",no
src/components/ui/button.tsx,7684ea9f02a1a1e1a25f29845ebf831d63163a31,bc3bc9f6bbefc3155d1f4d053ff58f9b8662edbe,1894,e39813b666ba434660ec088356a0349246b6803a4e99961295d0c82bab1ab862,2c8aae724f8effc35a91f833f9c0e8dee010f5cb0b8698441001dac93e8811bf,yes,"CRLF line-ending conversion introduced upstream during SB-P-1.11-LOV-SYNC-2 Phase 2/3 artifact preparation (core.autocrlf=true, no .gitattributes override); content values unchanged, only line-ending bytes differ.",no
src/components/ui/calendar.tsx,7684ea9f02a1a1e1a25f29845ebf831d63163a31,781f8853f2a4044c305cc862f832a2b01d41d3d7,7210,3205837b76f652de06126eb65ab7af601013ca989025cd21ed4cda33bd780b46,a1ad621d8bb65ea59b6671542627efc813fafd6d036de4f0276f01b34aa44085,yes,"CRLF line-ending conversion introduced upstream during SB-P-1.11-LOV-SYNC-2 Phase 2/3 artifact preparation (core.autocrlf=true, no .gitattributes override); content values unchanged, only line-ending bytes differ.",no
src/components/ui/card.tsx,7684ea9f02a1a1e1a25f29845ebf831d63163a31,d886b020243248cee648b14274a763b325a3bc55,1817,f13878a0078a5ef9f3e92af29259fc1e93ea56ea80cb992e0c4dea4e35396459,c6e182e038df4994615be337e682910a3835594f12d7bf61ab0909e6518477b2,yes,"CRLF line-ending conversion introduced upstream during SB-P-1.11-LOV-SYNC-2 Phase 2/3 artifact preparation (core.autocrlf=true, no .gitattributes override); content values unchanged, only line-ending bytes differ.",no
src/components/ui/carousel.tsx,7684ea9f02a1a1e1a25f29845ebf831d63163a31,5dd7455702b2fb2c9561dd3b1ed700210ef3be3d,6200,568e00e8edbfab8af67ee902ca9ef5ceb6d5ed6f3045e7f9b3c15b4f7ef9e974,bdf6f1be424fa2d49cf82d09b219d6613d6bc83340df1105d88ddc328034ede2,yes,"CRLF line-ending conversion introduced upstream during SB-P-1.11-LOV-SYNC-2 Phase 2/3 artifact preparation (core.autocrlf=true, no .gitattributes override); content values unchanged, only line-ending bytes differ.",no
src/components/ui/chart.tsx,7684ea9f02a1a1e1a25f29845ebf831d63163a31,f27e7ca5343ccc102441afeb45ef946e1d504944,10570,81b1f692f9334ba3030213ff37eeaf2dd762b644e5d96e51ada7072109f07430,d816f293d915c86968a16100f50df23fc20f9cd0bc6f5a1e8fcadea50a1d58f0,yes,"CRLF line-ending conversion introduced upstream during SB-P-1.11-LOV-SYNC-2 Phase 2/3 artifact preparation (core.autocrlf=true, no .gitattributes override); content values unchanged, only line-ending bytes differ.",no
src/components/ui/checkbox.tsx,7684ea9f02a1a1e1a25f29845ebf831d63163a31,f01d47c865e9ce28610b16bfa4021a88beebec3e,1043,c44d02535d5c9c92807576804407dd63d01e7189dbde526e925b53885e645fd4,d2c880d1a7de1633a5eb6f4d09977f203d737de24fe3d7e8ba959b851fd18145,yes,"CRLF line-ending conversion introduced upstream during SB-P-1.11-LOV-SYNC-2 Phase 2/3 artifact preparation (core.autocrlf=true, no .gitattributes override); content values unchanged, only line-ending bytes differ.",no
src/components/ui/collapsible.tsx,7684ea9f02a1a1e1a25f29845ebf831d63163a31,cb003d17563549c97d3d349477c0aa073b2244aa,335,5f0a45d8f6ca72d37ed10bf0a85306158b67d7cbc386319186ce013ead9bc0a6,0be1d5082be6ce6a06e0f67accb38ef50e981f111187e3954d0a1bca062f52e1,yes,"CRLF line-ending conversion introduced upstream during SB-P-1.11-LOV-SYNC-2 Phase 2/3 artifact preparation (core.autocrlf=true, no .gitattributes override); content values unchanged, only line-ending bytes differ.",no
src/components/ui/command.tsx,7684ea9f02a1a1e1a25f29845ebf831d63163a31,dc859d7281e5b4fef5a2b71ea30459e0745003a8,4876,ba8c0f8b23044ce9a5066e66d7ab7be3a3c79bfc4a0ab7dfae6ffafe439145a3,5f15a9b4aeec3f848264322c65798e92f9af0cb3777ca075796bdfce56deaf54,yes,"CRLF line-ending conversion introduced upstream during SB-P-1.11-LOV-SYNC-2 Phase 2/3 artifact preparation (core.autocrlf=true, no .gitattributes override); content values unchanged, only line-ending bytes differ.",no
src/components/ui/context-menu.tsx,7684ea9f02a1a1e1a25f29845ebf831d63163a31,bad5ecec471b1fffa49c1f23a43f4d69ebb4edb3,7391,9ba8c0fc29c25f440a1d8806e16d42c1083e9909e7ed1f1b9b0deb2ae00e1d13,05edd5ec8d9322670502b0c7b6f8cf6a5dc4185d552d5a5a1d2a6e388064cf21,yes,"CRLF line-ending conversion introduced upstream during SB-P-1.11-LOV-SYNC-2 Phase 2/3 artifact preparation (core.autocrlf=true, no .gitattributes override); content values unchanged, only line-ending bytes differ.",no
src/components/ui/dialog.tsx,7684ea9f02a1a1e1a25f29845ebf831d63163a31,8ed559e3d6f2ab5f0d0287f56c63fbcd48a47b87,3648,e3a6de153fb15597ea95be9c4549211a297c060267787915599e3d680d476bd9,a5b691c73830e0eab35b93a0ff08703cf7b1dd42a7acd435f1a4ebb9a2e232e9,yes,"CRLF line-ending conversion introduced upstream during SB-P-1.11-LOV-SYNC-2 Phase 2/3 artifact preparation (core.autocrlf=true, no .gitattributes override); content values unchanged, only line-ending bytes differ.",no
src/components/ui/drawer.tsx,7684ea9f02a1a1e1a25f29845ebf831d63163a31,33533cc7600c40d506a3d308d16ef25f95af3e9d,2973,478c487f66245641d5fa0f0d1c53a07d68bd60c4b3c497ec4c41ce08b482e14b,096c508d4ebbe9ed00647588e8077cd65970938b773c0e1d252723b903bd620e,yes,"CRLF line-ending conversion introduced upstream during SB-P-1.11-LOV-SYNC-2 Phase 2/3 artifact preparation (core.autocrlf=true, no .gitattributes override); content values unchanged, only line-ending bytes differ.",no
src/components/ui/dropdown-menu.tsx,7684ea9f02a1a1e1a25f29845ebf831d63163a31,f11da936afd13d3036831b96e8d36f62bf2b81de,7596,c6eb5ff28e5bc3cdbe38a11d680aae56d885285e4aca7c8288609811effc04cb,9aca83be58992cdf5c996afaa9af8cac82366e0b5b7f71f4866dce49b5a0c434,yes,"CRLF line-ending conversion introduced upstream during SB-P-1.11-LOV-SYNC-2 Phase 2/3 artifact preparation (core.autocrlf=true, no .gitattributes override); content values unchanged, only line-ending bytes differ.",no
src/components/ui/form.tsx,7684ea9f02a1a1e1a25f29845ebf831d63163a31,4d15828dac1306f42581c2aa2aa45d04c65522db,4201,1ed53d4ab564a64708938643de590f2bef3718b0b2a309c1019c57e9c1fde23f,e4da338bd60483f6facadf68cd22eac13bd1ae5f6417d6142f14930a614fc334,yes,"CRLF line-ending conversion introduced upstream during SB-P-1.11-LOV-SYNC-2 Phase 2/3 artifact preparation (core.autocrlf=true, no .gitattributes override); content values unchanged, only line-ending bytes differ.",no
src/components/ui/hover-card.tsx,7684ea9f02a1a1e1a25f29845ebf831d63163a31,36f3b7976293638d6c1eef6c426847107dbf766f,1246,69dc172ece56ac77bf3a044a1cd60ed601b0041945d16b5da4c6cc4f42116988,989e3074c71555f2f3a1e8ba3ff23652309dc44bef9ce17705d241aa1ccf5e2f,yes,"CRLF line-ending conversion introduced upstream during SB-P-1.11-LOV-SYNC-2 Phase 2/3 artifact preparation (core.autocrlf=true, no .gitattributes override); content values unchanged, only line-ending bytes differ.",no
src/components/ui/input-otp.tsx,7684ea9f02a1a1e1a25f29845ebf831d63163a31,95d1f4c303a394a313c79f27184456bef5d99ae5,2161,9b94ff8e296ba320ebec6550e0fd1a9763132d7edfa4cac842d4ca926dd5f2e3,73fd79df3eb6381ab797bd172df9517102f88f1a6c6a68bbf43f18cd64cecf0a,yes,"CRLF line-ending conversion introduced upstream during SB-P-1.11-LOV-SYNC-2 Phase 2/3 artifact preparation (core.autocrlf=true, no .gitattributes override); content values unchanged, only line-ending bytes differ.",no
src/components/ui/input.tsx,7684ea9f02a1a1e1a25f29845ebf831d63163a31,7db524115c08e80b10d5282d1bb504b06b238d17,776,92debb7d6d2d96d9e607a42d5ce8f37b2d63384ae5dd9ffbbf5f047b680ffb85,4ee1c239851691038ddef07a1cac8f3d348a35ff5816ecc296d20c9803b1c3de,yes,"CRLF line-ending conversion introduced upstream during SB-P-1.11-LOV-SYNC-2 Phase 2/3 artifact preparation (core.autocrlf=true, no .gitattributes override); content values unchanged, only line-ending bytes differ.",no
src/components/ui/label.tsx,7684ea9f02a1a1e1a25f29845ebf831d63163a31,392197c3b43d69a9b426d49dec06d32ff53ea8d4,716,9f72e2ecf16206593aa9e3c4fbc14cd8e81aa8488d57d92d4a950b30935a9fa9,c33a02e76ac4dfd8e328026ca068ec184aae5b00dc454955865edf5f90f403e0,yes,"CRLF line-ending conversion introduced upstream during SB-P-1.11-LOV-SYNC-2 Phase 2/3 artifact preparation (core.autocrlf=true, no .gitattributes override); content values unchanged, only line-ending bytes differ.",no
src/components/ui/menubar.tsx,7684ea9f02a1a1e1a25f29845ebf831d63163a31,5c9eb98d5eaca6f6da74f71e73893c739da6cb3e,8546,e8a3269de7348e04dc1335cf6227bdcdaf2649484da4654f6a6b20f1c8423a84,c453955303d3e968d87015279966fdefd603c84345e5cdf72c1b4ae0c88c6e59,yes,"CRLF line-ending conversion introduced upstream during SB-P-1.11-LOV-SYNC-2 Phase 2/3 artifact preparation (core.autocrlf=true, no .gitattributes override); content values unchanged, only line-ending bytes differ.",no
src/components/ui/navigation-menu.tsx,7684ea9f02a1a1e1a25f29845ebf831d63163a31,94b2ecc95158b20a18bd986d1313558a128c480f,5152,755aecc77b7911ab61159c9fbb9b25254009eb4c32c95b1430b6b5b7d37ed8f0,e9cc8001c5444e4bca8abcaff2f9ed5e27fe40201127f6c170d149462c313362,yes,"CRLF line-ending conversion introduced upstream during SB-P-1.11-LOV-SYNC-2 Phase 2/3 artifact preparation (core.autocrlf=true, no .gitattributes override); content values unchanged, only line-ending bytes differ.",no
src/components/ui/pagination.tsx,7684ea9f02a1a1e1a25f29845ebf831d63163a31,f8cd41fbaad75c338aec493b5c750b65f95845c5,2739,cbe8559c578ee2d34c7daef5ee75dc3afeb795851e294b111dec375ba44a9a2d,4ddeedce9ba3119fd105649f27502cdadd036966323c4cfb6bd6686656e7ddf8,yes,"CRLF line-ending conversion introduced upstream during SB-P-1.11-LOV-SYNC-2 Phase 2/3 artifact preparation (core.autocrlf=true, no .gitattributes override); content values unchanged, only line-ending bytes differ.",no
src/components/ui/popover.tsx,7684ea9f02a1a1e1a25f29845ebf831d63163a31,dc78a209bbda251914e8ee4633c303ba55a59d2c,1352,861c18577ea5988c6f5ca00d1c677200319fd427cf8b424e59a5cca6ff24f830,5b57bee5769e87ab533a8326c6a25fc1940b5a8fbe1c5276f25ba89615cc7030,yes,"CRLF line-ending conversion introduced upstream during SB-P-1.11-LOV-SYNC-2 Phase 2/3 artifact preparation (core.autocrlf=true, no .gitattributes override); content values unchanged, only line-ending bytes differ.",no
src/components/ui/progress.tsx,7684ea9f02a1a1e1a25f29845ebf831d63163a31,1741cd2f42b7b3c7edcabee07c06e8750556f5ed,781,418f612946a520d1380b7a0d058185bb6a6d09846846dd6d6904a0016152dd4a,61646ebf88d17e251bafd69784b40af978e4a5e8311a5651288b203410a9b107,yes,"CRLF line-ending conversion introduced upstream during SB-P-1.11-LOV-SYNC-2 Phase 2/3 artifact preparation (core.autocrlf=true, no .gitattributes override); content values unchanged, only line-ending bytes differ.",no
src/components/ui/radio-group.tsx,7684ea9f02a1a1e1a25f29845ebf831d63163a31,38a1a6629d76c4a6f445eb85aa8c6d485b9c064a,1405,8c55aa0496b00a27fc4f609ca8b43a7e82c6802f6bf613998438b7632899fa96,2e71f118a77c7adf6c5cc35923576632d0db62c1db4a4aa2b16acad7a841a43d,yes,"CRLF line-ending conversion introduced upstream during SB-P-1.11-LOV-SYNC-2 Phase 2/3 artifact preparation (core.autocrlf=true, no .gitattributes override); content values unchanged, only line-ending bytes differ.",no
src/components/ui/resizable.tsx,7684ea9f02a1a1e1a25f29845ebf831d63163a31,02e9460e72e5e0afa5f71264f0fcd4a16d021aea,1552,f0399fec7bc334f06433b41b6ebf34255942ce4916b99173898893fa7fcc8281,3c3fdec6f7cca80a152bc861a313758bf28703170cdd322ce4ec9da5f0b67a2f,yes,"CRLF line-ending conversion introduced upstream during SB-P-1.11-LOV-SYNC-2 Phase 2/3 artifact preparation (core.autocrlf=true, no .gitattributes override); content values unchanged, only line-ending bytes differ.",no
src/components/ui/scroll-area.tsx,7684ea9f02a1a1e1a25f29845ebf831d63163a31,69febe58466d6309bdfc74bdca456c7aac448f79,1635,b607f562455152a079d70a22538c95072b0267e0d59a1a1cf16a905a2e373a6f,c9f69c09fada3c8653fb4122988a43f6bf49a0b71e8be5ffeeca94e0d87ca266,yes,"CRLF line-ending conversion introduced upstream during SB-P-1.11-LOV-SYNC-2 Phase 2/3 artifact preparation (core.autocrlf=true, no .gitattributes override); content values unchanged, only line-ending bytes differ.",no
src/components/ui/select.tsx,7684ea9f02a1a1e1a25f29845ebf831d63163a31,3fdfc929eb90d4f33e2591e94cdfb2278d1b5c38,5749,6d4deee18cf7ced0354eb719300833a83caf46400de6ee9c3d1942fa4c579ad4,27b85948433560e1d1792037dafac2fa4d0dc38e72977464271ceae1bac60a1d,yes,"CRLF line-ending conversion introduced upstream during SB-P-1.11-LOV-SYNC-2 Phase 2/3 artifact preparation (core.autocrlf=true, no .gitattributes override); content values unchanged, only line-ending bytes differ.",no
src/components/ui/separator.tsx,7684ea9f02a1a1e1a25f29845ebf831d63163a31,5f5966c41731e846b2bc97de315471ea605ffe86,723,bf5838b692e5f74fde7083280b99492dd402bce6966e912e79f5e23f14bc98eb,0f833b4b3a11bdb561f10b704902cb1533d2119bb0c2c7b81fbb47955b621224,yes,"CRLF line-ending conversion introduced upstream during SB-P-1.11-LOV-SYNC-2 Phase 2/3 artifact preparation (core.autocrlf=true, no .gitattributes override); content values unchanged, only line-ending bytes differ.",no
src/components/ui/sheet.tsx,7684ea9f02a1a1e1a25f29845ebf831d63163a31,0aedeb766169d085f3b4bb72e80eac6fe552b971,4248,a82f9341962e766ee925a2fe883b0a9ab5d5dd8475c402ac8e491ee37dc95fde,b78b82c5e0e83ac972ae96ff489ed1d5c0ae792c77c9cec67d201f0c76d3b098,yes,"CRLF line-ending conversion introduced upstream during SB-P-1.11-LOV-SYNC-2 Phase 2/3 artifact preparation (core.autocrlf=true, no .gitattributes override); content values unchanged, only line-ending bytes differ.",no
src/components/ui/sidebar.tsx,7684ea9f02a1a1e1a25f29845ebf831d63163a31,3922680246adfbcdc91110f779eea0b291222a54,23975,9f44f4523271f965adec608ae1c3b8a2f350f2f45ba1401a2c7ee33bc5eda238,09b6531101dd8ed24570c565e485b66b9749c49d903939c7d2780879a369c1f2,yes,"CRLF line-ending conversion introduced upstream during SB-P-1.11-LOV-SYNC-2 Phase 2/3 artifact preparation (core.autocrlf=true, no .gitattributes override); content values unchanged, only line-ending bytes differ.",no
src/components/ui/skeleton.tsx,7684ea9f02a1a1e1a25f29845ebf831d63163a31,6d9a616758e39fcbc07480484a308ffb9d9fba5d,239,f4c42257d73925b0b856a3500e2cbdd918fe6744fcd6be87ef28bb88e7eb7366,020954b8c6a47e7584eefee6af278bf8ce482b8152585b70052cf196b6fd79a5,yes,"CRLF line-ending conversion introduced upstream during SB-P-1.11-LOV-SYNC-2 Phase 2/3 artifact preparation (core.autocrlf=true, no .gitattributes override); content values unchanged, only line-ending bytes differ.",no
src/components/ui/slider.tsx,7684ea9f02a1a1e1a25f29845ebf831d63163a31,e56622ad7eec5f4e98dc870f745c2e066c66f10e,1025,d307cf3ff05b54be4a04389ef4379f9e8b4dc49720197937991ce843a8d4b5ec,5ee4156c0e9a0bfb12fbbdd80a881e5b957e4e4801e7c9082b5d6f7062a7dbbf,yes,"CRLF line-ending conversion introduced upstream during SB-P-1.11-LOV-SYNC-2 Phase 2/3 artifact preparation (core.autocrlf=true, no .gitattributes override); content values unchanged, only line-ending bytes differ.",no
src/components/ui/sonner.tsx,7684ea9f02a1a1e1a25f29845ebf831d63163a31,7a214692adeeea9cfe4acd8659b1b7e0fd4f756f,734,3ad40f66c339e799b1a57c00e10b4627294c7d580d99d8a48ae0d8d4c13cf931,be303e32fe6688cdf44ba42466aed162d4d6341eb279317d1fbeb3b4ae4cbe8b,yes,"CRLF line-ending conversion introduced upstream during SB-P-1.11-LOV-SYNC-2 Phase 2/3 artifact preparation (core.autocrlf=true, no .gitattributes override); content values unchanged, only line-ending bytes differ.",no
src/components/ui/switch.tsx,7684ea9f02a1a1e1a25f29845ebf831d63163a31,6338184e11d92961b4dfd06f151ce5ada7dd838c,1156,c3c298df4ffb56695e4a8f0ff3e37eee08437dec542a677153ec16bed0820107,194d3554933df8573ef1bf84584e1acb9b255f55e73b24b2076c36cca116c5e6,yes,"CRLF line-ending conversion introduced upstream during SB-P-1.11-LOV-SYNC-2 Phase 2/3 artifact preparation (core.autocrlf=true, no .gitattributes override); content values unchanged, only line-ending bytes differ.",no
src/components/ui/table.tsx,7684ea9f02a1a1e1a25f29845ebf831d63163a31,49d2d5c7c3e9d2d43fb2a2e423c751ec77da4279,2820,1e945e564c2cc5ca3ef33019ba7da7a8b94cbc73feb3cbc2b7b33c36ea648d92,14849bacd517394129565a2736f367a2dc218dee044e9dbc4c37ede9ae56e22b,yes,"CRLF line-ending conversion introduced upstream during SB-P-1.11-LOV-SYNC-2 Phase 2/3 artifact preparation (core.autocrlf=true, no .gitattributes override); content values unchanged, only line-ending bytes differ.",no
src/components/ui/tabs.tsx,7684ea9f02a1a1e1a25f29845ebf831d63163a31,6047b50eb6db8395f79c666e488d71881155d97e,1934,e9b454d2f987c83b36cc8870bba47d9355db4e8f5c733b310dbc1119a7d27654,a33395479355fc3cb0127e8731359830ceb29cb137b4090b65a8a9818c2a093d,yes,"CRLF line-ending conversion introduced upstream during SB-P-1.11-LOV-SYNC-2 Phase 2/3 artifact preparation (core.autocrlf=true, no .gitattributes override); content values unchanged, only line-ending bytes differ.",no
src/components/ui/textarea.tsx,7684ea9f02a1a1e1a25f29845ebf831d63163a31,29330b61811cf9aaac31a94f981728f898229bd5,677,35617a2cf053e52c9e56983bde82d556861d38e462f9e578876c8e99a0432687,5af8d497b7b1c4f77399bf5b9f1861230d9950d0c2c5fe1bdbf8b3bdb6eab1e0,yes,"CRLF line-ending conversion introduced upstream during SB-P-1.11-LOV-SYNC-2 Phase 2/3 artifact preparation (core.autocrlf=true, no .gitattributes override); content values unchanged, only line-ending bytes differ.",no
src/components/ui/toggle-group.tsx,7684ea9f02a1a1e1a25f29845ebf831d63163a31,d2c9f8ee385d50f14ca51f63db9cad9b92accd47,1752,d59cd3937c967a3e221fdfcfe4ea5cd57eb97cbe37e1ac98126664c9c7db49c1,868ca1dc957db5b9eb0b8784c170a5dc39e880234747e127a690bfd6628bcb53,yes,"CRLF line-ending conversion introduced upstream during SB-P-1.11-LOV-SYNC-2 Phase 2/3 artifact preparation (core.autocrlf=true, no .gitattributes override); content values unchanged, only line-ending bytes differ.",no
src/components/ui/toggle.tsx,7684ea9f02a1a1e1a25f29845ebf831d63163a31,9d146b6a1051516735339895093cbcbcfeb9a3e8,1534,62e6e21993f1ab633b9f830cbbf0c181f3d161bae3a7792dbf2d842d42a2f09c,537f16e684e49fe17451d7cab1b7dbf60a594a4f7698b84277fe374f3aca1f59,yes,"CRLF line-ending conversion introduced upstream during SB-P-1.11-LOV-SYNC-2 Phase 2/3 artifact preparation (core.autocrlf=true, no .gitattributes override); content values unchanged, only line-ending bytes differ.",no
src/components/ui/tooltip.tsx,7684ea9f02a1a1e1a25f29845ebf831d63163a31,07e55fafdcf32ee9a57164a07c89422e61c6ac2e,1278,9682690fc3755d0f4b8684f2d7b1f77945876d41a45b723d0761b26804ad5010,657bfcea60e04adf0d5385ae4aabede6158b718206c4b8a91452a728acb9ad00,yes,"CRLF line-ending conversion introduced upstream during SB-P-1.11-LOV-SYNC-2 Phase 2/3 artifact preparation (core.autocrlf=true, no .gitattributes override); content values unchanged, only line-ending bytes differ.",no
src/hooks/use-auth.tsx,7684ea9f02a1a1e1a25f29845ebf831d63163a31,536fb88f1ea54252c86a09c60dee27e8c893c2c9,1035,540cb9861f7d439c8d86c081bdcf620836c8aef76fd6124f160edb68ce0e5c2a,c781203c1bc117db482e2112d6e14822df6fa29d0420cb39d00c219c42a628f2,yes,"CRLF line-ending conversion introduced upstream during SB-P-1.11-LOV-SYNC-2 Phase 2/3 artifact preparation (core.autocrlf=true, no .gitattributes override); content values unchanged, only line-ending bytes differ.",no
src/hooks/use-mobile.tsx,7684ea9f02a1a1e1a25f29845ebf831d63163a31,502fd323934501eab408a396a9ae4a07c0ae3560,576,21eff740f9e5c965c7f0782925a7e8f67ddfcdf0f58b6613550f99c3e1c454e9,f6f7a7643d4607721c57e2b8c4081a8f84aefbb0a240f4b9dd1fc20d8d7a61e6,yes,"CRLF line-ending conversion introduced upstream during SB-P-1.11-LOV-SYNC-2 Phase 2/3 artifact preparation (core.autocrlf=true, no .gitattributes override); content values unchanged, only line-ending bytes differ.",no
src/integrations/supabase/auth-attacher.ts,7684ea9f02a1a1e1a25f29845ebf831d63163a31,5bc57b798847727bc6af008e343d85fa9be1c3fb,611,24d0dbdf8dc0fd49b391a948bd04e1db43b97a1d851acc391dd3d1b13b9797fd,6179e11cc21695eb66f712351561a368a4b8cbf2b593b67425200a84ae8eb98b,yes,"CRLF line-ending conversion introduced upstream during SB-P-1.11-LOV-SYNC-2 Phase 2/3 artifact preparation (core.autocrlf=true, no .gitattributes override); content values unchanged, only line-ending bytes differ.",no
src/integrations/supabase/auth-middleware.ts,7684ea9f02a1a1e1a25f29845ebf831d63163a31,0aefbe67a008727499cd33484d19c5629daabfac,3228,0fc042c2ec276b8d7f4c7c573f39137baca7841e2849c36aab29dc6f1616e91f,40aa12b8817e24b273716001b8fd2fbe8c2f772ea6a901f4369ec4e03ae4fbc2,yes,"CRLF line-ending conversion introduced upstream during SB-P-1.11-LOV-SYNC-2 Phase 2/3 artifact preparation (core.autocrlf=true, no .gitattributes override); content values unchanged, only line-ending bytes differ.",no
src/integrations/supabase/client.server.ts,7684ea9f02a1a1e1a25f29845ebf831d63163a31,30e131bcd0fcf63c7f372b73bcab363f22352647,2747,f3b4c85383ade973fa5f5cb21e913beda4ac0d7205c536c53bc58e7f831dc580,bfc9e71288133fd10eed1abc51661c806d72c4975d506ca10ac698d4214e8974,yes,"CRLF line-ending conversion introduced upstream during SB-P-1.11-LOV-SYNC-2 Phase 2/3 artifact preparation (core.autocrlf=true, no .gitattributes override); content values unchanged, only line-ending bytes differ.",no
src/integrations/supabase/client.ts,7684ea9f02a1a1e1a25f29845ebf831d63163a31,8bd3a404d333a3101e267eb206dc5f525e9808f1,2450,b72ff69394b80cfc28a76820fd9bd9fa8311df83f99475c97242447b52843385,4736bc962afbf6dd96bdd95f7d88b7260c369940988c725f0bfc0f7d6ecd343a,yes,"CRLF line-ending conversion introduced upstream during SB-P-1.11-LOV-SYNC-2 Phase 2/3 artifact preparation (core.autocrlf=true, no .gitattributes override); content values unchanged, only line-ending bytes differ.",no
src/integrations/supabase/inventory.ts,7684ea9f02a1a1e1a25f29845ebf831d63163a31,74eafb90959cd59268468dc5a0154c7e6c6cec70,6443,863f25b45055acec992d9372edc907da451b3dd2fb66660a9b96d360e22c57ce,88e3de7d246f93eb6d195309f20f74555b16184e590afa9abc8a63a179bdf471,yes,"CRLF line-ending conversion introduced upstream during SB-P-1.11-LOV-SYNC-2 Phase 2/3 artifact preparation (core.autocrlf=true, no .gitattributes override); content values unchanged, only line-ending bytes differ.",no
src/integrations/supabase/transactions.ts,7684ea9f02a1a1e1a25f29845ebf831d63163a31,fe12c70255b78693d0c3b9e7c150e0eb52885b15,4668,e5098b8bdf77d02f273b475572b8c58527f1b3fcb48416483c4490cd591e0d37,786c0a10e94d9023cb1e16c7815badd352500dadd56bf19013d4d3dea81dab7c,yes,"CRLF line-ending conversion introduced upstream during SB-P-1.11-LOV-SYNC-2 Phase 2/3 artifact preparation (core.autocrlf=true, no .gitattributes override); content values unchanged, only line-ending bytes differ.",no
src/integrations/supabase/types.ts,7684ea9f02a1a1e1a25f29845ebf831d63163a31,5bbfeb26701f994c6ef4cbc51da509d74f132416,17094,db7cba7a5d01057f6a446599a711b5b0ddb6d10e84aae95590297ea8edb7a3cd,39e25ba6dd708149ff7257c8371a9876ad7fbf4376a7437eae041f1b9b3b64d4,yes,"CRLF line-ending conversion introduced upstream during SB-P-1.11-LOV-SYNC-2 Phase 2/3 artifact preparation (core.autocrlf=true, no .gitattributes override); content values unchanged, only line-ending bytes differ.",no
src/lib/error-capture.ts,7684ea9f02a1a1e1a25f29845ebf831d63163a31,171c9b5800c5b17efc0598eae4c760b3778021e6,906,adc4f6f1c8bdae036c9605b2db8372f2c6ed9fa037487ce288e2947472cfc568,e6a8a15a852a00dc877bc7c6418b8d67b905e9665f5457e4ffa18992d32a9af8,yes,"CRLF line-ending conversion introduced upstream during SB-P-1.11-LOV-SYNC-2 Phase 2/3 artifact preparation (core.autocrlf=true, no .gitattributes override); content values unchanged, only line-ending bytes differ.",no
src/lib/error-page.ts,7684ea9f02a1a1e1a25f29845ebf831d63163a31,725235ce7bdf496daf2d870148978939f4f40a9b,1371,635915886f5d44a18b6add2a53959dbe2e8ba1bb3f7e597fc714650e74157bb6,b070f0586e5d17c818700024c9dff021b7e7ffb40cd8e7f7e7bc19ea82efd1b5,yes,"CRLF line-ending conversion introduced upstream during SB-P-1.11-LOV-SYNC-2 Phase 2/3 artifact preparation (core.autocrlf=true, no .gitattributes override); content values unchanged, only line-ending bytes differ.",no
src/lib/lovable-error-reporting.ts,7684ea9f02a1a1e1a25f29845ebf831d63163a31,d1f9b1b009111538a2a65a79edf1f85a4f3424f1,830,ff65950d5e47a0ee77eb0ca989ca86a6749703afb56e464f5eaeaf313405321e,fcf6488f881984ca2cfe24ab762bcd1a96780eee9ccad7aeb92242de6aba94e0,yes,"CRLF line-ending conversion introduced upstream during SB-P-1.11-LOV-SYNC-2 Phase 2/3 artifact preparation (core.autocrlf=true, no .gitattributes override); content values unchanged, only line-ending bytes differ.",no
src/lib/utils.ts,7684ea9f02a1a1e1a25f29845ebf831d63163a31,71633f31927f890d56ffde14986b83376ea7fbc1,399,1200ee3e8e2413f2d8578ef7c7261d592f8c7f4f6548a127524e2eea4b5f9e9a,5d0aa7ded97ed1fcaf50db263d3880198511aa34b3eabbca4cdf64204441e52e,yes,"CRLF line-ending conversion introduced upstream during SB-P-1.11-LOV-SYNC-2 Phase 2/3 artifact preparation (core.autocrlf=true, no .gitattributes override); content values unchanged, only line-ending bytes differ.",no
src/routeTree.gen.ts,7684ea9f02a1a1e1a25f29845ebf831d63163a31,3884638dd14c4082b95850748856f15012cf7341,13126,29ffa63748ae77ace7dd12794747495fad40a9cfb22d33e29e65877d183d78c8,N/A (regenerated by TanStack Router; not independently byte-hashed from text-rendered read),no,"Generated-file exception (Section 8): TanStack Router regenerates this file from src/routes/** at build/dev time. Current Lovable copy independently confirmed to contain the identical 16-route set as canonical (structural verification via direct read). Supplying a byte-corrected copy would not persist past the next regeneration; the durable fix is correcting its *inputs* (src/routes/**), which are included in the corrective package.",yes
src/router.tsx,7684ea9f02a1a1e1a25f29845ebf831d63163a31,3423d598036579e62f42faec438f868b4bb0bb17,394,72b68964d3f55ba4f7dcf2a04aad9d97d7c61fabad13aec1d298f1e39ee59fcc,7e3481892de4073ba86e9a6c3a52f1cc6c0d8ab8668df1b14a3ce9f7658edc4a,yes,"CRLF line-ending conversion introduced upstream during SB-P-1.11-LOV-SYNC-2 Phase 2/3 artifact preparation (core.autocrlf=true, no .gitattributes override); content values unchanged, only line-ending bytes differ.",no
src/routes/README.md,7684ea9f02a1a1e1a25f29845ebf831d63163a31,441a4e8235d1432e015c8f7a0bf045b031c565ad,835,5c8187dbe79dac7a3c494f2600585508f5d15e75f04f21ea364d0de14de10575,73feb3fc6b8f1e203baef0a8cc6199530846f459e670943ae2fbb481b0bffb12,yes,"CRLF line-ending conversion introduced upstream during SB-P-1.11-LOV-SYNC-2 Phase 2/3 artifact preparation (core.autocrlf=true, no .gitattributes override); content values unchanged, only line-ending bytes differ.",no
src/routes/__root.tsx,7684ea9f02a1a1e1a25f29845ebf831d63163a31,5dc3de13dd2ac12f1a282064e21f5a75b7aa7566,5916,aebce45d4f9fb3dab5c10a3af8c45d78d30ff8cc575da0f79a1a72db095a6f94,ff59db433869246dd9bae4a1fee03138be51fdb48bcc1691a7647db88ed6e117,yes,"CRLF line-ending conversion introduced upstream during SB-P-1.11-LOV-SYNC-2 Phase 2/3 artifact preparation (core.autocrlf=true, no .gitattributes override); content values unchanged, only line-ending bytes differ.",no
src/routes/_authenticated/dashboard.tsx,7684ea9f02a1a1e1a25f29845ebf831d63163a31,fca7db0320bfc0dfc5c5081162251d2112b7dd74,20057,14e48e2e2627e2b069c26e8395a89c82503e18211b33126f853242e924e520aa,20f85850052809e5873bd23e3538aa794de030c417c28724298b865b282b074a,yes,"CRLF line-ending conversion introduced upstream during SB-P-1.11-LOV-SYNC-2 Phase 2/3 artifact preparation (core.autocrlf=true, no .gitattributes override); content values unchanged, only line-ending bytes differ.",no
src/routes/_authenticated/inventory.$itemId.tsx,7684ea9f02a1a1e1a25f29845ebf831d63163a31,b24dc979aebbf6df65a630ef37ba841335c71c1f,35692,f6b25a575e03b93d112483d8a43adb5f6bfb9965d6d77ac11ac574e2a9075e45,8cbe2a3459c48f57d13e09d28a3636e0c0110f6a6f5705cdeabaac80cdb3f523,yes,"CRLF line-ending conversion introduced upstream during SB-P-1.11-LOV-SYNC-2 Phase 2/3 artifact preparation (core.autocrlf=true, no .gitattributes override); content values unchanged, only line-ending bytes differ.",no
src/routes/_authenticated/inventory.index.tsx,7684ea9f02a1a1e1a25f29845ebf831d63163a31,c650f1f1f545731b1bf20e876ddfed59466673cb,16279,708db4c14b75663bf11ee95f8fcbf60ecbb2392f65003027b913c0dd78e782ba,d7dd7dae75d562e43c5efde2893c1649be65187a8212788e69d4fea9b243677c,yes,"CRLF line-ending conversion introduced upstream during SB-P-1.11-LOV-SYNC-2 Phase 2/3 artifact preparation (core.autocrlf=true, no .gitattributes override); content values unchanged, only line-ending bytes differ.",no
src/routes/_authenticated/inventory.tsx,7684ea9f02a1a1e1a25f29845ebf831d63163a31,48d61982535702c7358f0ea00440236b0b55f176,1488,9e521008193bf8d55943bd73069ce7f35c16ef37694683c585c5d16f8c8794eb,16a9477648eb3509971f66b175458eeb56f5a06b75e77c802342bd601fd4ecee,yes,"CRLF line-ending conversion introduced upstream during SB-P-1.11-LOV-SYNC-2 Phase 2/3 artifact preparation (core.autocrlf=true, no .gitattributes override); content values unchanged, only line-ending bytes differ.",no
src/routes/_authenticated/route.tsx,7684ea9f02a1a1e1a25f29845ebf831d63163a31,333158ff017ba399fc22790b7dbf9b04ade76e39,443,ada05b9d047d5837834d6e380e2fcf14c453442a27f6c03a7de541b3dd8c8bb2,cc17c5528ba0ba400f118ad73c16c1ecfddd533cd4b1ee47284c4570b7a7eceb,yes,"CRLF line-ending conversion introduced upstream during SB-P-1.11-LOV-SYNC-2 Phase 2/3 artifact preparation (core.autocrlf=true, no .gitattributes override); content values unchanged, only line-ending bytes differ.",no
src/routes/_authenticated/transactions.tsx,7684ea9f02a1a1e1a25f29845ebf831d63163a31,745b90455fabb10b67836a60a80b75a1042a6eef,31759,92c5ff5d8b23b24b04c5ca20534debfdfb42db0becc4c666375f05c05eb5585e,27e261b1595ba735a9562a3aaa61c06a301cc69f3dfe286d627bf60ed89511cb,yes,"CRLF line-ending conversion introduced upstream during SB-P-1.11-LOV-SYNC-2 Phase 2/3 artifact preparation (core.autocrlf=true, no .gitattributes override); content values unchanged, only line-ending bytes differ.",no
src/routes/auth.tsx,7684ea9f02a1a1e1a25f29845ebf831d63163a31,42ec99af7db83a20e92ecdebce3b9065b2acf728,10953,10df0ab8b858f1b602563b9febad1d02cf75e52e629cc17eabcbb0016fc95727,ccd63d482a365b6b1a3cb364b78403b447553f63a4b2b7c2c9fe69029c816489,yes,"CRLF line-ending conversion introduced upstream during SB-P-1.11-LOV-SYNC-2 Phase 2/3 artifact preparation (core.autocrlf=true, no .gitattributes override); content values unchanged, only line-ending bytes differ.",no
src/routes/contact.tsx,7684ea9f02a1a1e1a25f29845ebf831d63163a31,2beab26b5e4e11d187ead462913f0c9e69a61c56,1269,a7664341b1ca307334ad6783ef3cdb227709cdfee8c95f1e6c6912d0e8563f03,525cb53bf8b851e02ae104e1039e5b2c344608a3c7cc8360a0c22097d0f5f1dc,yes,"CRLF line-ending conversion introduced upstream during SB-P-1.11-LOV-SYNC-2 Phase 2/3 artifact preparation (core.autocrlf=true, no .gitattributes override); content values unchanged, only line-ending bytes differ.",no
src/routes/how-it-works.tsx,7684ea9f02a1a1e1a25f29845ebf831d63163a31,0b0009511436091a04208955109dbb40539ff64e,1477,69850191804bc0feba732809a40d45b3fa6ee143b0f446cbc98d4d16682303d2,db1050791f68cc66dd8bdfaf120c3b025d01d3a36c22a7193b854c3bb8465af7,yes,"CRLF line-ending conversion introduced upstream during SB-P-1.11-LOV-SYNC-2 Phase 2/3 artifact preparation (core.autocrlf=true, no .gitattributes override); content values unchanged, only line-ending bytes differ.",no
src/routes/index.tsx,7684ea9f02a1a1e1a25f29845ebf831d63163a31,866e5457f32ccc8390cf67d52dfa900894e6100d,3975,767cda33cc2b401cc6001238c0144178d3a1de41d7b4ffe922bb2e00ad487177,1e7ed793374ef445a3d566c5c13292bfe10af14f14aba81bfcc8501fdfcf274d,yes,"CRLF line-ending conversion introduced upstream during SB-P-1.11-LOV-SYNC-2 Phase 2/3 artifact preparation (core.autocrlf=true, no .gitattributes override); content values unchanged, only line-ending bytes differ.",no
src/routes/privacy-policy.tsx,7684ea9f02a1a1e1a25f29845ebf831d63163a31,479ca731c14d67357be3d6718e60371889b4bb79,1184,a53439ea7ffa72d93f6c0d4d85ef1e360639cde79507f6b990b5024b827ba68e,ef93f2e26cfda1ebce23e761249a26e65c71054b98613c35dbb0c28e61cd616e,yes,"CRLF line-ending conversion introduced upstream during SB-P-1.11-LOV-SYNC-2 Phase 2/3 artifact preparation (core.autocrlf=true, no .gitattributes override); content values unchanged, only line-ending bytes differ.",no
src/routes/reset-password.tsx,7684ea9f02a1a1e1a25f29845ebf831d63163a31,1ce1d42f5d5deb651faba545c3a4f3c74ded3edc,7240,cc560800fac8b2aa5a46299809dab4495c49fec7e8e0678cf14b9dd908770030,8dfb27c5c3ea2893b7c8f756231020303cc3a81b42ff3f3b2beeb148b1b51acb,yes,"CRLF line-ending conversion introduced upstream during SB-P-1.11-LOV-SYNC-2 Phase 2/3 artifact preparation (core.autocrlf=true, no .gitattributes override); content values unchanged, only line-ending bytes differ.",no
src/routes/start.tsx,7684ea9f02a1a1e1a25f29845ebf831d63163a31,273cfe7297fecab0d784f62b0ee90837334a78d2,1659,3a2c98d23487be0f9ebfc685791afc74df5dc5d4570ed0fcaec3c922af3f8e85,963f70cf9fd80eb8594de8dc0f4ffb7188b79dd0bfcfda2a4ac6e6afb526ebc0,yes,"CRLF line-ending conversion introduced upstream during SB-P-1.11-LOV-SYNC-2 Phase 2/3 artifact preparation (core.autocrlf=true, no .gitattributes override); content values unchanged, only line-ending bytes differ.",no
src/routes/super-admin.tsx,7684ea9f02a1a1e1a25f29845ebf831d63163a31,bbdee4561afbc53ebea59f411716dfe34b0b1712,1243,ddd8b920a433e8b53e087a736cb2541a844b4adaafe67fb78fc4b575413ce5cb,1cde055f8bd46bb6d0e84cd46d96dcc1c8e63bae3ed42d4b9e1457485867c6c4,yes,"CRLF line-ending conversion introduced upstream during SB-P-1.11-LOV-SYNC-2 Phase 2/3 artifact preparation (core.autocrlf=true, no .gitattributes override); content values unchanged, only line-ending bytes differ.",no
src/routes/terms-of-service.tsx,7684ea9f02a1a1e1a25f29845ebf831d63163a31,6c51e0251bea125553893459ca7274fd96646028,1202,2167506642acea1ab66c93737b6057a30087c2b413ff49beb3196a7527db69e5,77370a2aa4925567a343753bee78ddb7586da950125a7979d34942bdc755f1e8,yes,"CRLF line-ending conversion introduced upstream during SB-P-1.11-LOV-SYNC-2 Phase 2/3 artifact preparation (core.autocrlf=true, no .gitattributes override); content values unchanged, only line-ending bytes differ.",no
src/server.ts,7684ea9f02a1a1e1a25f29845ebf831d63163a31,20500c7f347db7dd59ff59e295be226aa317757f,2048,f0ee683067afee145f81a63a3af76b3d3767e2a1f61f0e82582f8da184ad3ef6,4200dda605d3af5b6ba95e79022fdd40d3075cb39ee0d8bacd769ec2312baa92,yes,"CRLF line-ending conversion introduced upstream during SB-P-1.11-LOV-SYNC-2 Phase 2/3 artifact preparation (core.autocrlf=true, no .gitattributes override); content values unchanged, only line-ending bytes differ.",no
src/start.ts,7684ea9f02a1a1e1a25f29845ebf831d63163a31,208642748430e10e2785af63b724541bffc87f12,739,14a377e6b881f57c252819c5c5d254f89d8c916f0090837224df4a8d5a0f608e,f1bac9c3b579982a4cf9094e2f0d3a9efa0c3d7b33ed53943ba169d89b387611,yes,"CRLF line-ending conversion introduced upstream during SB-P-1.11-LOV-SYNC-2 Phase 2/3 artifact preparation (core.autocrlf=true, no .gitattributes override); content values unchanged, only line-ending bytes differ.",no
src/styles.css,7684ea9f02a1a1e1a25f29845ebf831d63163a31,804a3723cf05f1b6aa956d0bb85c793490b36dca,5531,c259db73993dff8e1e12573f6e4e71f302b2106983800647bf0be3985abdeaa9,3f1b79efae6be9eb1d552e34faaf8858c6f9857c3019dba0663cf42374822627,yes,"CRLF line-ending conversion introduced upstream during SB-P-1.11-LOV-SYNC-2 Phase 2/3 artifact preparation (core.autocrlf=true, no .gitattributes override); content values unchanged, only line-ending bytes differ.",no
supabase/config.toml,7684ea9f02a1a1e1a25f29845ebf831d63163a31,d4e05211e5a5876d6a043563cb6d04473747ee04,35,376be61e25e661778fa9675ef558def4959237ecf8ad555225c6056d075e30fe,376be61e25e661778fa9675ef558def4959237ecf8ad555225c6056d075e30fe,no,Already canonical-equivalent (unaffected by the CRLF conversion defect: binary file or single-line file with no embedded newline).,no
tests/inventory/archived-item-protection.test.ts,7684ea9f02a1a1e1a25f29845ebf831d63163a31,c66f8a92493d0e202a44648a1f85bac946d2caa0,2787,ee0f5bd67583778158fa836ae00d215f5e0c6ba91a7b1e7ccb5d5a5351ef03bc,b15971d1f2b61a8bd9d6bf03c3b5ab8deebee71c8bf17341fa0c9d2e270f5f61,yes,"CRLF line-ending conversion introduced upstream during SB-P-1.11-LOV-SYNC-2 Phase 2/3 artifact preparation (core.autocrlf=true, no .gitattributes override); content values unchanged, only line-ending bytes differ.",no
tests/inventory/audit-integrity.test.ts,7684ea9f02a1a1e1a25f29845ebf831d63163a31,cb3e0b1b54d76097c605d5c11d0387075ab6cabc,2907,e70a94fd3b185a0c4cbd761ddbc06f3b9e119deb14685faced070bb696379913,91eaae8337048d8a383d6a705404051f4c612adb399623e35f76b10aeb6cb578,yes,"CRLF line-ending conversion introduced upstream during SB-P-1.11-LOV-SYNC-2 Phase 2/3 artifact preparation (core.autocrlf=true, no .gitattributes override); content values unchanged, only line-ending bytes differ.",no
tests/inventory/business-isolation-views.test.ts,7684ea9f02a1a1e1a25f29845ebf831d63163a31,aeab2469d6e322bfb21bd423a53fd545ae0f6882,3565,621e0f3cd5ac67df6585afca8049a0d3d32310d60fe996822b6c72d2154bc0a1,0de4abf54e18ccdb836e79abc2095d26d7375d9140eceab85e110c891d0e04b6,yes,"CRLF line-ending conversion introduced upstream during SB-P-1.11-LOV-SYNC-2 Phase 2/3 artifact preparation (core.autocrlf=true, no .gitattributes override); content values unchanged, only line-ending bytes differ.",no
tests/inventory/concurrency.test.ts,7684ea9f02a1a1e1a25f29845ebf831d63163a31,6171d59fb7344ddf7c0ca76e9ce2e0f39f737a0f,5101,1dd18e2c57f682a75c7a2091f5c04c306d39c60f9bef323640756a8f840882b0,07281ef1c5770033eeff9a7b198422ee4ac345d42eadd9a56e2a0eddb9eec6dd,yes,"CRLF line-ending conversion introduced upstream during SB-P-1.11-LOV-SYNC-2 Phase 2/3 artifact preparation (core.autocrlf=true, no .gitattributes override); content values unchanged, only line-ending bytes differ.",no
tests/inventory/correction-behaviour.test.ts,7684ea9f02a1a1e1a25f29845ebf831d63163a31,3d2bd110b5ce4a2fa6e9438cd8e8914a9c45298e,5189,65711231081fd3d5f0534d6b192b45409310745d691413481e465ddafe0ca7d0,c433b6df998ac8ee4cfdeb57d16e16229efa2ca4673f013e7f723425a80b6173,yes,"CRLF line-ending conversion introduced upstream during SB-P-1.11-LOV-SYNC-2 Phase 2/3 artifact preparation (core.autocrlf=true, no .gitattributes override); content values unchanged, only line-ending bytes differ.",no
tests/inventory/correction-link-integrity.test.ts,7684ea9f02a1a1e1a25f29845ebf831d63163a31,0db9f8e7b791fd1db03183653b7761d89399b845,7101,9351d5ada37cc63c1ade79e107630e622543e876f399c8dc7cdd701304b4c72e,eb05282d4b7e7a4329728e0751740268cf5569137a6901d6771e0d2aff7cd4c3,yes,"CRLF line-ending conversion introduced upstream during SB-P-1.11-LOV-SYNC-2 Phase 2/3 artifact preparation (core.autocrlf=true, no .gitattributes override); content values unchanged, only line-ending bytes differ.",no
tests/inventory/cross-business-consistency.test.ts,7684ea9f02a1a1e1a25f29845ebf831d63163a31,941c986ee6b27e6e42fe7af202c30e9e9872c97f,3617,c33b02fc88b4e8bed108656efd921603155c9bbe55ae9727b1e2df63f32924d6,02f62001d239b55e92fd8ae51251bdff2c1b5833efc18b6b74326816ae8df4a2,yes,"CRLF line-ending conversion introduced upstream during SB-P-1.11-LOV-SYNC-2 Phase 2/3 artifact preparation (core.autocrlf=true, no .gitattributes override); content values unchanged, only line-ending bytes differ.",no
tests/inventory/idempotency.test.ts,7684ea9f02a1a1e1a25f29845ebf831d63163a31,6b83fd4223efb163d9f61c499398faaab2ded0ce,5900,6b165f71df3ff728b316b09e1f871bb9005167799c45249f6f0b066173860376,b1aafee4258b90536c8e422afd31630ed509fbcee5333d589724e009ef41e804,yes,"CRLF line-ending conversion introduced upstream during SB-P-1.11-LOV-SYNC-2 Phase 2/3 artifact preparation (core.autocrlf=true, no .gitattributes override); content values unchanged, only line-ending bytes differ.",no
tests/inventory/ledger-correctness.test.ts,7684ea9f02a1a1e1a25f29845ebf831d63163a31,adf50ba13006e9235359d2ec482d1f536d0d51a0,4098,c42d85e56f6af6c4aa0a50961bd7d90a2b05a35cf4ca9dc1f2d75000718c9b97,6516d1e3689303255925e48627ab2eb41d2e45547d171a6907da09a076b2a5f9,yes,"CRLF line-ending conversion introduced upstream during SB-P-1.11-LOV-SYNC-2 Phase 2/3 artifact preparation (core.autocrlf=true, no .gitattributes override); content values unchanged, only line-ending bytes differ.",no
tests/inventory/movement-type-direction.test.ts,7684ea9f02a1a1e1a25f29845ebf831d63163a31,56b99afa49497ff6346c89656d7d3573e6baa60e,4748,48c1bcea51511894a5011c1101b19ff9d503f6f173013c01ae96e97f0fc19557,19a01adff0fccae3eb8bc0603f28423bd76273198d2a459adce11f88d708e178,yes,"CRLF line-ending conversion introduced upstream during SB-P-1.11-LOV-SYNC-2 Phase 2/3 artifact preparation (core.autocrlf=true, no .gitattributes override); content values unchanged, only line-ending bytes differ.",no
tests/inventory/negative-stock.test.ts,7684ea9f02a1a1e1a25f29845ebf831d63163a31,cfbbf8a8f725c90c9531fb7980619722c899f450,3236,82fe9615f9424af82ae28af279f77e4f47b87500383bb4e554cf41404f9dc600,6a92c290d8149bccf430a16138256a6acb7320c2630f3d77799d81a0e2fd651e,yes,"CRLF line-ending conversion introduced upstream during SB-P-1.11-LOV-SYNC-2 Phase 2/3 artifact preparation (core.autocrlf=true, no .gitattributes override); content values unchanged, only line-ending bytes differ.",no
tests/inventory/opening-stock-invariant.test.ts,7684ea9f02a1a1e1a25f29845ebf831d63163a31,d0f9b59e8192c6aa98c79c0fc15c0a09ab89e02a,2898,91fbb9e1a0300204dc45d175d573e5ae33a942f14626d19b09b6b143d23a7328,18f8080f36d3579e8c1106ff4a63b318c46939484f7138dd36f8fc12f80fcaa3,yes,"CRLF line-ending conversion introduced upstream during SB-P-1.11-LOV-SYNC-2 Phase 2/3 artifact preparation (core.autocrlf=true, no .gitattributes override); content values unchanged, only line-ending bytes differ.",no
tests/inventory/performance.test.ts,7684ea9f02a1a1e1a25f29845ebf831d63163a31,1010eb0b39c91a79349a301aee7166e8f30252fa,2995,5e9880042866463756b14f9316bd54c7173bf1f94a2d1e6c2b8931077c1caf9e,44e0b1553cdf2bb6be7d84f277b872ca6e15efdeed66292079d7ed49c90c9554,yes,"CRLF line-ending conversion introduced upstream during SB-P-1.11-LOV-SYNC-2 Phase 2/3 artifact preparation (core.autocrlf=true, no .gitattributes override); content values unchanged, only line-ending bytes differ.",no
tests/inventory/permissions.test.ts,7684ea9f02a1a1e1a25f29845ebf831d63163a31,5fc776930598f6e025f598e62d10b3d5f5af6f68,5908,e5c5ef370a185954a63e84a4aeb4825d70474e75e77ed67949e99376140f329f,648f9e8948138af44f3175a472704d788588d72f7f63b5b777132b90e52c8626,yes,"CRLF line-ending conversion introduced upstream during SB-P-1.11-LOV-SYNC-2 Phase 2/3 artifact preparation (core.autocrlf=true, no .gitattributes override); content values unchanged, only line-ending bytes differ.",no
tests/inventory/rls-cross-business.test.ts,7684ea9f02a1a1e1a25f29845ebf831d63163a31,c53af40d07aca6d9bf54a4fd3867aae9ea32a15b,3677,3b26b1a97b7cce97fbbda8360b5aa039a40f1c636da9a23440c68c93634efd71,ba888948e059c893816572f32c708aa307825e6b75dae841bdc655db75dd7e9b,yes,"CRLF line-ending conversion introduced upstream during SB-P-1.11-LOV-SYNC-2 Phase 2/3 artifact preparation (core.autocrlf=true, no .gitattributes override); content values unchanged, only line-ending bytes differ.",no
tests/inventory/shared-write-path.test.ts,7684ea9f02a1a1e1a25f29845ebf831d63163a31,d0f4c416951817f79373f19294ba5ed1d812b1b5,5172,8758a871b0fff2949f1d9837d9ef65bc1b379063f2e9cd5330f223027c23b64c,38c3c7b3de86d2067130dd8fe1a52ff5d051b2f4544114a1c24b76e58b2612a7,yes,"CRLF line-ending conversion introduced upstream during SB-P-1.11-LOV-SYNC-2 Phase 2/3 artifact preparation (core.autocrlf=true, no .gitattributes override); content values unchanged, only line-ending bytes differ.",no
tests/inventory/trusted-event-link.test.ts,7684ea9f02a1a1e1a25f29845ebf831d63163a31,1046459a417e402e14f394aa66e61edcc7587c64,3701,0d8cfb48cd020611496f3999b3dcfbe1cb2ebaddc7fad028b38ebaef4057dc8e,0420d1d6a0023988b01a5ab96153faba89d40301fe1feb10a93449c5e745f9b9,yes,"CRLF line-ending conversion introduced upstream during SB-P-1.11-LOV-SYNC-2 Phase 2/3 artifact preparation (core.autocrlf=true, no .gitattributes override); content values unchanged, only line-ending bytes differ.",no
tests/setup/assertions.ts,7684ea9f02a1a1e1a25f29845ebf831d63163a31,63b80557cfd575ec3c80ee2f5686e2b7a6e8c95b,1214,f97af8c13c8a72fa13830e3ee0e82ed01a65bfea9bd92c3efca4ffb09100f5b9,faf1b22d5e663743bdd04399b1d568a145e9d4a28f8cadc3497be8946a9b7722,yes,"CRLF line-ending conversion introduced upstream during SB-P-1.11-LOV-SYNC-2 Phase 2/3 artifact preparation (core.autocrlf=true, no .gitattributes override); content values unchanged, only line-ending bytes differ.",no
tests/setup/inventory-rpc.ts,7684ea9f02a1a1e1a25f29845ebf831d63163a31,f9fba880fa0fac61d7301e37e6123fe0b06dba0c,3805,257495f0a82a0ffe11ecbc089bc0fcb8ff0cc73cb2c384765f27d64902fecca2,c0b15c9985e99c365a95d624bea6c35f9f19495e738370a7baa4b7b759e02bed,yes,"CRLF line-ending conversion introduced upstream during SB-P-1.11-LOV-SYNC-2 Phase 2/3 artifact preparation (core.autocrlf=true, no .gitattributes override); content values unchanged, only line-ending bytes differ.",no
tests/setup/load-env.ts,7684ea9f02a1a1e1a25f29845ebf831d63163a31,496ed88fcd785224609b77817e244c505656ab35,486,a32b2f8b213d91687f8b91082901f8915b3c46d47904c60ef4cc7d82869238b5,05fbb07b61e48c6b038a27cbda9ce27fff73899aea44859ba8914cb7bfa61326,yes,"CRLF line-ending conversion introduced upstream during SB-P-1.11-LOV-SYNC-2 Phase 2/3 artifact preparation (core.autocrlf=true, no .gitattributes override); content values unchanged, only line-ending bytes differ.",no
tests/setup/test-clients.ts,7684ea9f02a1a1e1a25f29845ebf831d63163a31,c590642f5050a4c6c28c73c2b9303356374a7d26,4071,aa2931c1c5a1235b323dce80143cc8464163a8385d032193d38a4284a1277338,7c5a5297b0a8782b85c6514b9b41d1c1eb12df6aaff568070eb00de3b28a5af3,yes,"CRLF line-ending conversion introduced upstream during SB-P-1.11-LOV-SYNC-2 Phase 2/3 artifact preparation (core.autocrlf=true, no .gitattributes override); content values unchanged, only line-ending bytes differ.",no
tsconfig.json,7684ea9f02a1a1e1a25f29845ebf831d63163a31,533d40171d4cbc61370abbffca39ba9256ad5927,672,8f085c1d4841928370f6922fc9b8cabe3dfe84d266fc734a08d3e0dc3f92490d,7625ca6c61bb82f8f4851cc8815e63d37cb38127b0064c106798ea363eb92ff1,yes,"CRLF line-ending conversion introduced upstream during SB-P-1.11-LOV-SYNC-2 Phase 2/3 artifact preparation (core.autocrlf=true, no .gitattributes override); content values unchanged, only line-ending bytes differ.",no
vite.config.ts,7684ea9f02a1a1e1a25f29845ebf831d63163a31,2b8ccd122bdacf9dbbbbf1c00eba69e9288e5cb1,811,bbaf99aca461074821d30d8fb96cc3ed36066caa534f66134a0f8220c37b5a62,1f9a017da9be2029b576ac64f8cc1a62673a49d940e382ba3367065ec68bca28,yes,"CRLF line-ending conversion introduced upstream during SB-P-1.11-LOV-SYNC-2 Phase 2/3 artifact preparation (core.autocrlf=true, no .gitattributes override); content values unchanged, only line-ending bytes differ.",no
vitest.config.ts,7684ea9f02a1a1e1a25f29845ebf831d63163a31,c61e75bf43a0c7465a1c8b22f00dbf4a7bd37361,360,2969cf54d39d6cd2251a2ec488ec908b1694e66e982710dc5a747293690bd88c,2c521582a20613f4c5957dd0d740230fdd448b59d2d02d9b68ccd142b16649e9,yes,"CRLF line-ending conversion introduced upstream during SB-P-1.11-LOV-SYNC-2 Phase 2/3 artifact preparation (core.autocrlf=true, no .gitattributes override); content values unchanged, only line-ending bytes differ.",no
